epoch,average loss,accuracy
0.000000,82.074669,28.330000
1.000000,82.575127,32.430000
2.000000,78.676605,34.490002
3.000000,77.171158,39.639999
4.000000,76.178726,37.720001
5.000000,76.441002,38.029999
6.000000,75.212578,39.299999
7.000000,74.716286,40.130001
8.000000,76.294418,38.740002
9.000000,77.142097,37.570000
