1_mean,2_mean,3_mean,4_mean,5_mean,6_mean,7_mean,8_mean,1_std,2_std,3_std,4_std,5_std,6_std,7_std,8_std
-0.009444,0.000312,0.003930,-0.001866,-0.001414,0.035849,0.024873,0.020677,0.024143,0.018381
