epoch,average loss,accuracy
0.000000,82.074669,28.330000
