epoch,average loss,accuracy
0.000000,73.178261,42.310001
1.000000,62.407967,52.639999
2.000000,62.125282,53.880001
3.000000,56.433144,58.340000
4.000000,49.468975,64.410004
5.000000,43.129959,69.889999
6.000000,39.216438,73.019997
7.000000,39.356491,72.300003
8.000000,42.205780,70.389999
9.000000,40.729935,70.889999
